Observation,power,water,hotwater,gas,electricity,heating
529,0.3399999999999181,0.0490000000000065,0.0823999999999998,0.9248,0.1783,0.3218
8813,0.5600000000004002,0.0197999999999751,0.007000000000005,0.3755,0.9354,0.1131
800,0.5599999999999454,0.1842999999999932,0.0197999999999964,0.2827,0.1782,0.9164
5635,0.8699999999998909,0.0632000000000232,0.0050999999999987,0.3787,0.9011,0.8814
1499,0.2100000000000363,0.0305999999999926,0.0127999999999985,0.6965,0.8167,0.8387
8566,0.4200000000000727,0.0319999999999822,0.0252000000000123,0.1963,0.0189,0.9542
2260,0.3200000000001637,0.0178999999999973,0.0446000000000026,0.1616,0.8038,0.9106
1041,0.1700000000000727,0.002600000000001,0.0061000000000035,0.0876,0.3377,0.0739
3300,0.4800000000000182,0.0353000000000065,0.0243999999999999,0.3141,0.8796,0.2624
3010,0.6900000000000546,0.1251000000000033,0.0019000000000062,0.0554,0.3988,0.2727
5642,0.3299999999999272,0.0,0.0,0.6657,0.6727,0.0871
9576,0.3600000000005821,0.0086999999999761,0.0,0.6125,0.1195,0.1207
9993,0.1199999999998908,0.0,0.0,0.4459,0.0404,0.0916
8157,0.6199999999998909,0.0135000000000218,0.0037000000000091,0.5421,0.0769,0.4617
7588,0.4800000000000182,0.0247999999999706,0.0591000000000008,0.8497,0.0247,0.0809
9847,0.7899999999999636,0.0736999999999739,0.1184000000000082,0.9537,0.1022,0.9627
1413,0.3600000000001273,0.0087000000000045,0.005200000000002,0.6235,0.0173,0.9195
6727,0.7699999999999818,0.0654999999999859,0.0427999999999997,0.1768,0.2434,0.6798
953,0.1099999999998999,0.0487999999999999,0.0058000000000006,0.7152,0.9252,0.9495
7556,0.650000000000091,0.01339999999999,0.0024999999999977,0.6989,0.5756,0.4885
368,0.7400000000000091,0.1042000000000058,0.0309000000000025,0.7092,0.9954,0.0021
2130,0.6300000000001091,0.0293999999999812,0.0229999999999961,0.362,0.7794,0.8917
1064,0.5799999999999272,0.1167999999999978,0.0215999999999993,0.8457,0.6541,0.0431
1627,0.2749999999999772,0.0391000000000048,0.0381999999999962,0.2006,0.6553,0.6321
6302,0.3099999999999454,0.0,0.0,0.3256,0.7719,0.421
465,0.4000000000000909,0.1731000000000051,0.0317999999999969,0.441,0.107,0.9009
6816,0.3733333333336001,0.011033333333349,0.0196333333333313,0.9696,0.5023,0.3542
5010,0.5,0.1081999999999823,0.0078999999999922,0.3023,0.3296,0.603
609,0.4500000000000455,0.2030000000000029,0.023699999999998,0.1992,0.8342,0.263
3778,0.2899999999999636,0.0533999999999821,0.0,0.5264,0.4237,0.4229
1716,0.2000000000000454,0.0,0.0,0.843,0.3396,0.7607
725,0.2000000000000454,0.0,0.0,0.3422,0.1525,0.6169
8112,0.3299999999999272,0.0187000000000239,0.0052999999999912,0.7358,0.6974,0.0437
7840,0.3299999999999272,0.0,0.0,0.1781,0.6912,0.1085
1455,0.1800000000000636,0.1105000000000018,0.0,0.2004,0.6991,0.9348
1137,0.5800000000001546,0.1064999999999969,0.0195000000000007,0.672,0.2744,0.8511
7930,0.5299999999997453,0.1908000000000242,0.0473999999999961,0.4099,0.9215,0.8421
7184,0.6100000000001273,0.0575999999999794,0.0542000000000086,0.8965,0.15,0.0638
1112,0.5399999999999636,0.2152999999999991,0.0123000000000033,0.3705,0.1367,0.0861
708,0.2200000000000272,0.1858000000000004,0.0,0.9476,0.6551,0.6913
7162,0.25,0.0084999999999695,0.002900000000011,0.6351,0.1114,0.0199
185,0.0799999999999272,0.0,0.0,0.7092,0.018,0.7455
6703,0.6700000000000728,0.0785000000000195,0.0563999999999964,0.5775,0.8331,0.9534
5002,0.9166666666666666,0.1376999999999952,0.0014999999999929,0.453,0.1623,0.2144
8696,0.5399999999999636,0.0488000000000283,0.0506000000000028,0.9015,0.3709,0.6173
8256,0.3900000000003274,0.0,0.0,0.8494,0.4713,0.9829
8506,0.4500000000007276,0.1200999999999794,0.0131999999999976,0.0672,0.3718,0.3932
5972,0.3899999999998726,0.0720000000000027,0.0078000000000031,0.0608,0.6071,0.2328
1354,0.4399999999998272,0.1020000000000038,0.0005999999999986,0.8969,0.5144,0.3433
1999,0.4100000000000818,0.1153999999999939,0.0672999999999959,0.3385,0.8046,0.69
8070,0.6399999999998727,0.0199000000000069,0.0109999999999956,0.954,0.4577,0.4424
3992,0.4400000000000545,0.1206999999999993,0.0035000000000025,0.0545,0.3287,0.6078
630,0.1700000000000727,0.0,0.0,0.3745,0.7043,0.4332
7637,0.4600000000000364,0.0373999999999909,0.067700000000002,0.5986,0.3203,0.8362
4295,0.569999999999709,0.0680999999999869,0.0126000000000061,0.8077,0.3195,0.9425
8474,0.4499999999998181,0.0095000000000027,0.0120000000000004,0.1561,0.6196,0.8745
819,0.2400000000000091,0.0149999999999863,0.0533999999999963,0.1192,0.7061,0.7999
8921,0.5900000000001455,0.0269000000000119,0.0135000000000076,0.3406,0.7422,0.0355
7258,0.4000000000000909,0.1899999999999977,0.0,0.9947,0.9633,0.72
6511,0.6700000000000728,0.0801999999999907,0.0617000000000018,0.6557,0.744,0.6546
7162,0.25,0.0084999999999695,0.002900000000011,0.6725,0.1295,0.0923
1792,0.2799999999999727,0.0317000000000007,0.0148999999999972,0.2816,0.6442,0.6854
6021,0.3899999999998726,0.0266000000000019,0.0,0.0354,0.8382,0.6369
872,0.5699999999999363,0.1921999999999997,0.0240000000000009,0.1888,0.4911,0.573
3810,0.6100000000001273,0.1315999999999917,0.0120000000000004,0.972,0.4515,0.9968
656,0.6300000000001091,0.1616999999999961,0.0287999999999968,0.155,0.9611,0.0552
5170,0.680000000000291,0.1967000000000212,0.0039999999999906,0.3793,0.7622,0.2604
4547,0.3100000000004002,0.024799999999999,0.0040999999999939,0.346,0.2235,0.1579
5471,0.5399999999999636,0.031800000000004,0.002299999999991,0.9153,0.2819,0.2369
10062,0.3499999999994543,0.0172999999999774,0.058099999999996,0.0239,0.1049,0.3613
8045,0.4899999999997817,0.0398999999999887,0.0615999999999985,0.3591,0.2254,0.0778
1943,0.4600000000000364,0.008899999999997,0.0042000000000044,0.8028,0.8961,0.5379
10133,0.5,0.0212999999999965,0.0065999999999917,0.346,0.4476,0.8629
1973,0.3999999999998636,0.0113000000000056,0.0289000000000001,0.0239,0.4861,0.1894
179,0.2200000000000272,0.0,0.0,0.4921,0.9586,0.211
6744,0.3299999999999272,0.0086000000000012,0.0027999999999934,0.2048,0.256,0.4194
6729,0.7899999999999636,0.1522999999999683,0.0253000000000014,0.9897,0.738,0.3288
5819,0.599999999999909,0.0165000000000077,0.0028000000000076,0.6246,0.3725,0.3872
8529,0.819999999999709,0.0549000000000319,0.0343000000000017,0.2709,0.6988,0.8853
3305,0.4699999999997999,0.1303000000000054,0.0071000000000012,0.6278,0.6374,0.9097
1875,0.4100000000000818,0.0061000000000035,0.0401999999999986,0.5184,0.445,0.3551
4297,0.3000000000001819,0.0134999999999934,0.0016999999999995,0.4277,0.9922,0.8856
2177,0.1700000000000727,0.0728999999999757,0.0277000000000029,0.1332,0.2293,0.3056
9789,0.4499999999998181,0.0,0.0,0.5324,0.7006,0.1865
1688,0.5499999999999545,0.0837999999999965,0.0212999999999965,0.1887,0.7792,0.0126
993,0.75,0.1835999999999984,0.034400000000005,0.9216,0.9051,0.9305
3849,0.4000000000000909,0.2090000000000031,0.0104999999999932,0.0926,0.606,0.8319
5698,0.3200000000001637,0.1581999999999936,0.0,0.1244,0.3314,0.3658
2000,0.4400000000000545,0.1151000000000124,0.0035999999999987,0.8943,0.8069,0.4804
4526,0.2699999999999818,0.0114999999999838,0.0005000000000023,0.4371,0.0277,0.2708
205,0.0900000000001455,0.0,0.0,0.755,0.3083,0.6601
1522,0.4099999999998545,0.0127000000000094,0.0178000000000011,0.7368,0.2417,0.5737
803,0.2899999999999636,0.068000000000012,0.0476999999999989,0.5422,0.2828,0.0605
8492,0.5700000000006185,0.0101999999999975,0.0019000000000062,0.562,0.798,0.4927
275,0.3599999999998999,0.1615000000000037,0.0056000000000011,0.2668,0.294,0.3514
5499,0.3399999999996907,0.0,0.0,0.7226,0.906,0.9082
5981,0.2800000000002001,0.0168999999999925,0.0083000000000055,0.4046,0.9534,0.0855
3686,0.1199999999998908,0.0,0.0,0.6906,0.4131,0.4202
4027,0.6400000000003274,0.1252999999999815,0.001899999999992,0.1513,0.8179,0.9081
4223,0.5,0.056600000000003,0.0058999999999969,0.773,0.7358,0.2913
4684,0.4018648905807822,0.0310759276879082,0.0057590865842058,0.1049,0.7615,0.7378
6199,0.349999999999909,0.0290999999999996,0.0531000000000005,0.6062,0.2028,0.3413
7492,0.3699999999998908,0.0255999999999971,0.0,0.126,0.971,0.882
8291,0.1999999999998181,0.015100000000018,0.0019999999999953,0.1778,0.0261,0.958
4,0.2700000000000955,0.0138999999999924,0.0577000000000005,0.4032,0.589,0.9562
4139,0.25,0.1055000000000063,0.0065000000000026,0.5808,0.536,0.2919
9199,0.75,0.0548000000000001,0.058400000000006,0.145,0.1971,0.8453
9237,0.7299999999995634,0.0169999999999959,0.0036000000000058,0.4796,0.135,0.906
9447,0.2600000000002183,0.0129999999999768,0.0164999999999935,0.9989,0.1818,0.2562
713,0.7799999999999727,0.0548000000000001,0.0426000000000001,0.4738,0.035,0.9759
5651,0.5799999999999272,0.0398999999999887,0.0018000000000029,0.0952,0.9299,0.7556
3406,0.3600000000001273,0.0036000000000058,0.0060999999999964,0.4013,0.5566,0.3184
5707,0.8200000000001637,0.1470999999999946,0.0032000000000067,0.6083,0.4036,0.6091
2665,0.2799999999999727,0.0101999999999975,0.0,0.7743,0.4364,0.3267
10199,0.3800000000001091,0.0,0.0,0.9422,0.8841,0.7364
8826,0.8099999999994907,0.0681000000000153,0.0531000000000005,0.1822,0.3718,0.3671
7484,0.5399999999999636,0.0375999999999976,0.0020000000000095,0.2788,0.9548,0.4333
6785,0.6700000000000728,0.0647000000000161,0.0411000000000001,0.5272,0.4208,0.9448
2475,0.2199999999997999,0.0,0.0,0.4673,0.2854,0.8527
2946,0.4000000000000909,0.0208000000000083,0.0202000000000026,0.8907,0.6989,0.3022
952,0.1300000000001091,0.0033999999999991,0.0,0.4737,0.187,0.3516
10265,0.569999999999709,0.0027000000000043,0.0020000000000095,0.2278,0.2767,0.2536
495,0.2200000000000272,0.0037000000000091,0.0090000000000003,0.696,0.1479,0.2252
4856,0.5599999999999454,0.2137000000000171,0.0009999999999905,0.8498,0.7243,0.0813
7401,0.4800000000000182,0.0509000000000128,0.0594999999999998,0.8002,0.6706,0.1557
3489,0.3699999999998908,0.1557999999999992,0.0220999999999946,0.2529,0.6381,0.0561
3282,0.4700000000002546,0.1533000000000015,0.0118999999999971,0.6585,0.5033,0.433
6052,0.2800000000002001,0.0098999999999875,0.0022000000000019,0.1496,0.9333,0.7421
5481,0.6199999999998909,0.01339999999999,0.0,0.2947,0.1408,0.3828
891,0.3300000000001546,0.0165999999999968,0.0509999999999948,0.0984,0.8008,0.6123
6458,0.1400000000003274,0.0,0.0,0.8657,0.9644,0.2015
9757,0.6300000000001091,0.0086000000000012,0.0032000000000067,0.5338,0.3582,0.0799
5849,0.6700000000000728,0.0,0.0,0.3686,0.6609,0.1102
7170,0.5599999999999454,0.1341000000000463,0.0339000000000027,0.0629,0.9596,0.6176
7425,0.4600000000000364,0.1951999999999998,0.011499999999998,0.9994,0.4941,0.7979
5324,0.4499999999998181,0.0090999999999894,0.0001000000000033,0.7364,0.3992,0.8224
10117,0.2399999999997817,0.1723999999999819,0.0064000000000135,0.255,0.2583,0.8954
549,0.5699999999999363,0.1421000000000134,0.0256000000000042,0.7656,0.7487,0.3075
1848,0.349999999999909,0.000399999999999,0.0,0.2907,0.3577,0.2082
7600,0.3400000000001455,0.0364000000000146,0.0512999999999976,0.7361,0.5298,0.5242
4392,0.4000000000000909,0.031499999999994,0.0095999999999918,0.1594,0.3728,0.9523
1411,0.7000000000000455,0.0030000000000001,0.0097000000000022,0.4185,0.3994,0.1957
10280,0.4800000000004729,0.1521000000000185,0.1036000000000001,0.2474,0.3174,0.0993
1799,0.4200000000000727,0.0306999999999959,0.0465999999999979,0.854,0.1972,0.3577
1195,0.6499999999998636,0.1709999999999922,0.0211000000000041,0.1125,0.1838,0.7247
9151,0.6900000000005093,0.0366000000000212,0.0598999999999989,0.0875,0.675,0.1886
3146,0.3199999999997089,0.0118999999999971,0.0420999999999978,0.3939,0.313,0.7849
2402,0.3100000000001728,0.0192999999999869,0.0050000000000025,0.2697,0.5789,0.139
1087,0.3900000000001,0.0176000000000016,0.0080999999999988,0.05,0.6798,0.3719
9441,0.4799999999995634,0.0883999999999787,0.0964999999999918,0.1654,0.4178,0.4849
8940,0.3599999999996726,0.0098000000000411,0.0014999999999929,0.7826,0.0152,0.3282
62,0.0899999999999181,0.0,0.0,0.9836,0.9731,0.0026
4894,0.5399999999999636,0.0230999999999994,0.0041999999999973,0.7407,0.0749,0.8968
10311,0.3800000000001091,0.0715999999999894,0.0855999999999994,0.6026,0.8036,0.5735
7984,0.4600000000000364,0.0421000000000049,0.0300000000000011,0.0605,0.467,0.14
3301,0.3599999999996726,0.0380999999999858,0.028500000000001,0.7443,0.1526,0.79
73,0.3500000000000227,0.0090999999999894,0.0692000000000021,0.0304,0.5796,0.0795
4060,0.3000000000001819,0.0449000000000125,0.0444999999999993,0.2847,0.0769,0.5673
5696,0.650000000000091,0.0323999999999955,0.0067000000000092,0.2946,0.8886,0.0048
6113,0.7900000000004184,0.035000000000025,0.0041999999999973,0.3309,0.4342,0.1837
2059,0.5399999999999636,0.1269000000000062,0.0130999999999943,0.6793,0.9155,0.483
7805,0.4800000000000182,0.0292999999999779,0.0875999999999948,0.8508,0.5169,0.4599
9765,0.2799999999997453,0.0086999999999761,0.0002999999999957,0.3171,0.7606,0.5263
3306,0.5300000000002001,0.1400000000000147,0.0242999999999966,0.9528,0.2498,0.5988
8364,0.3299999999999272,0.0208000000000083,0.0079999999999955,0.2762,0.1501,0.9275
9436,0.3900000000003274,0.009900000000016,0.0066000000000059,0.1948,0.9259,0.4393
851,0.4700000000000273,0.0085000000000121,0.0050000000000025,0.3818,0.5062,0.2053
7987,0.75,0.0349000000000501,0.0063999999999992,0.0865,0.7707,0.4458
8093,0.4200000000000727,0.0331000000000472,0.0615999999999985,0.1826,0.0639,0.7606
6654,0.599999999999909,0.0515000000000327,0.0550999999999959,0.3378,0.3709,0.7284
4536,0.3100000000004002,0.0033999999999991,0.0023000000000052,0.6211,0.1039,0.7335
4184,0.4499999999998181,0.1777999999999906,0.015900000000002,0.0773,0.1953,0.7609
371,0.4200000000000727,0.0862000000000051,0.0058000000000006,0.7499,0.5039,0.5426
3771,0.2799999999997453,0.0137,0.0043000000000006,0.2741,0.6212,0.6685
10024,0.1199999999998908,0.0177999999999656,0.025100000000009,0.1903,0.8513,0.0601
9608,0.4899999999997817,0.053699999999992,0.0614999999999952,0.1794,0.771,0.4405
8359,0.6599999999998545,0.0425000000000181,0.1026999999999986,0.5113,0.8362,0.1539
4447,0.4600000000000364,0.1204999999999927,0.0144999999999981,0.1318,0.9417,0.6592
5939,0.3299999999999272,0.061000000000007,0.0362999999999971,0.5022,0.286,0.3419
10127,0.5100000000002183,0.018100000000004,0.0065999999999917,0.0436,0.7455,0.5919
6538,0.5299999999997453,0.1935000000000286,0.0158000000000129,0.6202,0.9337,0.9795
345,0.5600000000001728,0.1634999999999991,0.0243000000000037,0.7128,0.8213,0.8453
7697,0.650000000000091,0.0443000000000211,0.038499999999999,0.894,0.584,0.1145
6438,0.4100000000003092,0.0380000000000109,0.0587000000000017,0.2567,0.2653,0.7418
5000,0.7899999999999636,0.0473999999999819,0.0386000000000024,0.5983,0.545,0.0602
9832,0.6199999999998909,0.1075999999999908,0.0461999999999989,0.2602,0.2643,0.2761
8514,0.5100000000002183,0.0108999999999923,0.0199000000000069,0.3228,0.4584,0.9627
5959,0.650000000000091,0.0470000000000254,0.0437000000000011,0.1103,0.3756,0.8475
3844,0.1600000000003092,0.0,0.0,0.1379,0.4907,0.1046
1707,0.3799999999998817,0.0,0.0,0.3211,0.9043,0.0911
3792,0.4699999999997999,0.0302999999999826,0.0116999999999904,0.7214,0.2899,0.6746
3310,0.3000000000001819,0.0234999999999843,0.015900000000002,0.8259,0.8501,0.6873
9451,0.7999999999992724,0.0415999999999598,0.0200999999999993,0.369,0.7045,0.3242
8779,0.7100000000000364,0.0412000000000034,0.0544000000000011,0.1969,0.8821,0.0833
3122,0.2599999999997635,0.0143999999999948,0.0343000000000017,0.9948,0.6391,0.0152
5636,0.9100000000003092,0.0613999999999919,0.0062999999999959,0.8187,0.965,0.9094
1072,0.4199999999998454,0.0155000000000029,0.0018999999999991,0.468,0.7861,0.4969
3337,0.2899999999999636,0.002299999999991,0.0,0.9325,0.7993,0.2686
2996,0.7999999999999545,0.0374000000000194,0.0093000000000031,0.1951,0.593,0.8712
8431,0.8599999999996726,0.068300000000022,0.0365999999999928,0.4983,0.1364,0.4672
6898,0.419999999999618,0.0520999999999958,0.0688999999999993,0.4525,0.0322,0.4908
6490,0.6099999999996726,0.1079000000000292,0.0150000000000005,0.9531,0.7428,0.2765
2491,0.3699999999998908,0.0722000000000093,0.0152000000000001,0.472,0.8456,0.6639
8799,0.8699999999998909,0.0479000000000269,0.0477999999999951,0.9135,0.1839,0.0704
8434,0.5100000000002183,0.2337999999999738,0.0035999999999916,0.4024,0.6927,0.5263
2612,0.099999999999909,0.0,0.0,0.5508,0.0527,0.503
4268,0.0,0.0,0.0,0.0387,0.6739,0.7947
5582,0.8940000000001419,0.0444999999999993,0.0095000000000027,0.1273,0.1334,0.581
2247,0.4600000000000364,0.0309000000000025,0.0028000000000005,0.3561,0.0681,0.7004
7253,0.5199999999999818,0.0298999999999978,0.0112000000000023,0.2905,0.7519,0.5109
7426,0.3800000000001091,0.067700000000002,0.001899999999992,0.9776,0.1359,0.084
4765,0.4018648905803275,0.0310759276879082,0.0057590865842058,0.646,0.8636,0.3378
6318,0.4042156862742558,0.0292117647058773,0.0095274509803857,0.5605,0.4945,0.3784
5992,0.2600000000002183,0.0091000000000178,0.0020000000000095,0.1278,0.2922,0.821
5041,0.3000000000001819,0.0087000000000045,0.0,0.2417,0.2945,0.5936
6858,0.5,0.0412999999999783,0.0155000000000029,0.7788,0.0171,0.9883
5501,0.3599999999996726,0.0113999999999805,0.0026999999999901,0.1713,0.3073,0.113
10230,0.4200000000000727,0.0586999999999875,0.0970999999999833,0.5281,0.4564,0.699
4470,0.25,0.0253999999999905,0.0302000000000077,0.1561,0.8836,0.2691
291,0.2899999999999636,0.0005000000000023,0.0,0.7299,0.5828,0.5419
7910,0.1299999999996544,0.0,0.0,0.5389,0.8157,0.8614
7591,0.3199999999997089,0.0105999999999539,0.0040000000000048,0.638,0.0469,0.2463
9536,0.5100000000002183,0.0160000000000195,0.0078000000000031,0.2937,0.7777,0.4304
10185,0.3400000000001455,0.1256999999999948,0.0067999999999983,0.0995,0.2182,0.4474
4370,0.3199999999997089,0.0010000000000047,0.0010000000000047,0.7309,0.3865,0.5754
10206,0.3299999999999272,0.0135000000000218,0.0567000000000064,0.6721,0.6365,0.6915
6687,0.4200000000000727,0.0339000000000169,0.0076000000000107,0.0875,0.3272,0.656
10046,0.1199999999998908,0.0,0.0,0.0663,0.4242,0.4907
10112,0.4899999999997817,0.0572999999999979,0.0437000000000011,0.9291,0.0863,0.0376
7833,0.7900000000004184,0.1449000000000069,0.029600000000002,0.0737,0.3634,0.4701
707,0.3099999999999454,0.1765999999999934,0.0141999999999953,0.6215,0.6241,0.6456
9653,0.5599999999994907,0.0264000000000237,0.0750000000000028,0.559,0.9142,0.2173
7351,0.4499999999998181,0.0674999999999954,0.0711000000000012,0.713,0.357,0.9931
6525,0.5599999999999454,0.0131999999999834,0.002299999999991,0.3274,0.9491,0.7259
6388,0.4042156862747106,0.0292117647058489,0.0095274509803857,0.952,0.2779,0.0486
5673,0.5599999999999454,0.211999999999989,0.0075999999999964,0.9351,0.998,0.0903
7729,0.3299999999999272,0.0,0.0,0.2406,0.5685,0.0596
6263,0.3199999999997089,0.0262999999999919,0.022199999999998,0.7197,0.9455,0.1912
507,0.3800000000001091,0.0230999999999994,0.0752999999999985,0.0517,0.9034,0.3424
1121,0.1800000000000636,0.0696000000000083,0.0140000000000028,0.7198,0.9974,0.809
9429,0.7700000000004366,0.0083999999999946,0.0067999999999983,0.863,0.5445,0.701
8191,0.5500000000001819,0.0518000000000142,0.0601999999999947,0.2692,0.3356,0.2368
8153,0.6399999999994179,0.116199999999992,0.0379999999999967,0.4747,0.3734,0.4536
7402,0.5,0.1719999999999686,0.0153999999999996,0.8023,0.6752,0.3027
6889,0.3200000000001637,0.0103000000000292,0.0025000000000119,0.8718,0.1587,0.9422
8539,0.6399999999994179,0.0095000000000027,0.0024000000000086,0.3763,0.0857,0.6893
737,0.1199999999998908,0.0091000000000036,0.0116000000000013,0.446,0.5464,0.5645
9905,0.4499999999998181,0.0795999999999708,0.0949999999999988,0.1037,0.9791,0.7819
4473,0.25,0.129099999999994,0.0067000000000092,0.4928,0.8837,0.0265
6646,0.5500000000001819,0.029200000000003,0.011800000000008,0.4735,0.7061,0.2023
2908,0.3199999999999363,0.0301999999999793,0.0504999999999995,0.9824,0.7297,0.1646
5747,0.1700000000000727,0.0,0.0,0.3599,0.8254,0.3476
3296,0.3599999999996726,0.1491000000000042,0.0031000000000034,0.2512,0.2661,0.6031
8721,0.7399999999997817,0.0525999999999839,0.0392000000000081,0.1871,0.7758,0.8631
3293,0.1000000000003638,0.0,0.0,0.2637,0.0093,0.0064
8626,0.2799999999997453,0.0163999999999759,0.0162000000000119,0.8197,0.8028,0.9885
7901,0.7199999999997999,0.0400999999999953,0.0387000000000057,0.7197,0.7771,0.7275
7433,0.6900000000000546,0.0874000000000023,0.040700000000001,0.6939,0.5574,0.865
8469,0.5199999999995271,0.0142999999999915,0.0,0.2563,0.0012,0.9635
4273,0.0,0.0,0.0,0.8715,0.3124,0.363
9849,0.3099999999994907,0.0,0.0,0.2781,0.4604,0.3448
31,0.3300000000000409,0.0379999999999967,0.0244999999999997,0.905,0.4656,0.0196
4159,0.4499999999998181,0.0482000000000084,0.0043000000000006,0.2881,0.2972,0.9749
3630,0.1799999999998363,0.0104000000000041,0.0,0.4882,0.0704,0.0803
3529,0.3299999999999272,0.0003999999999848,0.0016999999999995,0.0127,0.0553,0.2778
5579,0.9299999999998364,0.0,0.0,0.8502,0.5062,0.505
1398,0.3399999999999181,0.0238000000000084,0.0543000000000049,0.0626,0.5081,0.4504
3909,0.4699999999997999,0.080299999999994,0.0254000000000047,0.5755,0.5196,0.2081
9476,0.6999999999998181,0.0137000000000284,0.0002000000000066,0.8247,0.0735,0.4316
340,0.2100000000000363,0.038499999999999,0.0471000000000003,0.2609,0.2927,0.6693
8052,0.1400000000003274,0.0,0.0,0.0899,0.382,0.5403
6175,0.8200000000001637,0.0938999999999907,0.0516999999999967,0.3822,0.8291,0.0496
777,0.3999999999998636,0.1122000000000014,0.0143999999999948,0.5324,0.8322,0.8909
9836,0.9799999999995634,0.0226999999999861,0.0033999999999991,0.0653,0.9523,0.3487
877,0.2000000000000454,0.0367999999999995,0.002600000000001,0.5887,0.721,0.5058
596,0.4600000000000364,0.0095000000000027,0.0127000000000023,0.2477,0.9601,0.595
9515,0.3400000000001455,0.1567999999999756,0.0011999999999972,0.6192,0.5454,0.0669
5197,0.5799999999999272,0.0090999999999894,0.0,0.6648,0.7112,0.0799
1731,0.4099999999998545,0.0133000000000009,0.0426000000000001,0.1892,0.7883,0.6457
4567,0.6700000000000728,0.0637000000000114,0.0,0.9558,0.6638,0.791
979,0.4600000000000364,0.0816999999999978,0.0169999999999959,0.364,0.207,0.5584
4429,0.2300000000000182,0.0970999999999833,0.0129000000000019,0.8447,0.9791,0.3673
3638,0.3100000000004002,0.042900000000003,0.0037999999999982,0.4548,0.4443,0.8555
2518,0.4200000000000727,0.0183000000000106,0.0373999999999981,0.4576,0.6449,0.876
6924,0.5100000000002183,0.0751999999999952,0.0153000000000105,0.3268,0.5927,0.5755
771,0.2000000000000454,0.0,0.0,0.5707,0.7736,0.6394
7794,0.5700000000001637,0.045500000000004,0.007400000000004,0.6356,0.3252,0.7008
6106,0.3600000000001273,0.0029999999999859,0.0,0.7073,0.3765,0.218
9939,0.3999999999996362,0.0230999999999994,0.0951000000000021,0.5973,0.9083,0.6874
7247,0.5199999999999818,0.0348000000000183,0.0143999999999948,0.8598,0.743,0.688
3547,0.4800000000000182,0.0121000000000037,0.0024999999999977,0.2657,0.9558,0.9014
3375,0.3699999999998908,0.0093999999999994,0.0014000000000038,0.9306,0.3608,0.8316
9803,0.3800000000001091,0.0443000000000211,0.0669000000000039,0.1836,0.5761,0.5373
5569,0.430000000000291,0.0005999999999914,0.000399999999999,0.2889,0.551,0.5774
8336,0.25,0.0317999999999756,0.0413000000000067,0.38,0.0634,0.7064
6631,0.3900000000003274,0.0533000000000356,0.0734999999999956,0.2511,0.2779,0.6606
1870,0.6700000000000728,0.0060000000000002,0.0,0.2726,0.9092,0.8026
6473,0.5299999999997453,0.0540000000000304,0.0932000000000101,0.8781,0.0387,0.7059
9362,0.4000000000005457,0.0086000000000012,0.002299999999991,0.2596,0.6345,0.5437
9533,0.4700000000002546,0.0195999999999685,0.0605999999999937,0.4321,0.4438,0.6806
2988,0.3399999999999181,0.0021000000000128,0.0,0.8813,0.7714,0.3893
9888,0.6299999999991996,0.0271999999999934,0.0409000000000077,0.6826,0.5021,0.1974
8943,0.7199999999999515,0.026833333333324,0.0042333333333317,0.1133,0.464,0.7753
8937,0.5099999999993088,0.1624999999999659,0.0046999999999997,0.3289,0.7541,0.8104
9605,0.5500000000001819,0.024499999999989,0.0675000000000096,0.0418,0.7186,0.2718
8557,0.2300000000004729,0.0219000000000164,0.0191999999999978,0.1494,0.7392,0.8223
433,0.2799999999999727,0.0405999999999977,0.0289000000000001,0.2569,0.7848,0.6104
7832,0.6799999999998363,0.1230999999999653,0.0383000000000066,0.8284,0.1993,0.2132
1193,0.6699999999998454,0.0572000000000088,0.0498000000000047,0.6476,0.1799,0.9452
4675,0.4018648905803275,0.0310759276879366,0.0057590865842058,0.9933,0.8931,0.962
7594,0.5,0.1137999999999692,0.0009999999999905,0.9858,0.6376,0.4525
6209,0.1900000000000545,0.0246999999999957,0.0257000000000005,0.5904,0.743,0.9565
6043,0.6700000000000728,0.0277999999999849,0.007000000000005,0.046,0.0077,0.0778
2121,0.3900000000001,0.1437999999999988,0.0002999999999957,0.3208,0.3637,0.8083
657,0.3900000000001,0.1334999999999979,0.0067999999999983,0.414,0.4873,0.1431
3362,0.2699999999999818,0.0241999999999791,0.0503,0.9027,0.8387,0.8466
296,0.1600000000000818,0.0213999999999998,0.012599999999999,0.9277,0.4473,0.7318
148,0.2100000000000363,0.0,0.0,0.0232,0.2919,0.4806
3368,0.4600000000000364,0.1099999999999852,0.0017999999999958,0.3584,0.3656,0.9088
4877,0.3099999999999454,0.0104000000000041,0.0020999999999986,0.5075,0.0275,0.6621
93,0.5199999999999818,0.0242000000000075,0.0320999999999997,0.0708,0.8286,0.1057
6259,0.3099999999999454,0.0263999999999953,0.0044000000000039,0.4903,0.4528,0.7346
5312,0.6900000000000546,0.2058999999999855,0.0257000000000005,0.0064,0.2266,0.5187
4092,0.1300000000001091,0.0,0.0,0.0009,0.8259,0.0166
1018,0.650000000000091,0.0705999999999988,0.016300000000001,0.8597,0.937,0.7451
7734,0.3299999999999272,0.0112999999999487,0.0717000000000069,0.1505,0.8736,0.9025
4618,0.4018648905803275,0.0310759276879366,0.0057590865842058,0.8188,0.0295,0.6753
333,0.7799999999999727,0.1897999999999911,0.0544000000000011,0.5326,0.7285,0.2069
2199,0.2999999999999545,0.0086000000000012,0.0,0.3208,0.9152,0.8639
4514,0.330000000000382,0.0,0.0,0.9916,0.3129,0.7815
8489,0.8299999999999272,0.0154999999999745,0.0317999999999898,0.5444,0.5669,0.3653
2074,0.2400000000000091,0.0252000000000123,0.0106999999999999,0.3028,0.4022,0.1469
9332,0.8000000000001819,0.0029999999999859,0.0006000000000057,0.1607,0.9443,0.4657
5964,0.2699999999999818,0.0,0.0,0.6408,0.0969,0.3906
5706,0.7800000000002001,0.0254999999999938,0.0116000000000013,0.4794,0.931,0.3264
6296,0.830000000000382,0.051400000000001,0.0263000000000062,0.89,0.5004,0.991
3610,0.3900000000003274,0.2112000000000193,0.0033999999999991,0.8695,0.3317,0.2048
9203,0.5,0.0303999999999859,0.0031000000000034,0.5412,0.4724,0.1087
8660,0.5499999999992724,0.014599999999973,0.0084999999999979,0.4274,0.0523,0.1841
7417,0.4100000000003092,0.018699999999967,0.0523999999999915,0.6624,0.4416,0.7603
5434,0.9100000000003092,0.045800000000014,0.0040999999999939,0.2493,0.1059,0.023
978,0.4400000000000545,0.119100000000003,0.0228999999999999,0.6712,0.179,0.9193
3632,0.4200000000000727,0.1995000000000004,0.0106999999999999,0.5154,0.5036,0.2971
5339,0.3199999999997089,0.0,0.0,0.6284,0.0865,0.5625
2478,0.1099999999998999,0.0101000000000226,0.0,0.94,0.9858,0.7859
776,0.5300000000002001,0.1115000000000066,0.0476999999999989,0.285,0.4281,0.3718
1246,0.3754601226994509,0.0213226993865021,0.0114503067484648,0.4986,0.9725,0.5004
6663,0.5,0.0561000000000149,0.056900000000013,0.0473,0.4411,0.4684
5568,0.3099999999999454,0.0220999999999946,0.0093999999999994,0.1844,0.626,0.2253
120,0.32000000000005,0.0122999999999962,0.0537999999999989,0.84,0.3637,0.1108
2306,0.4000000000000909,0.0228000000000179,0.0594999999999998,0.9118,0.2555,0.657
8947,0.7899999999999636,0.042599999999993,0.0275999999999925,0.551,0.8821,0.1568
9773,0.5799999999999272,0.0421000000000049,0.0715000000000003,0.7354,0.853,0.467
1588,0.3800000000001091,0.0173000000000058,0.0106999999999999,0.6597,0.9026,0.0592
7906,0.2200000000002546,0.0176000000000158,0.0,0.0047,0.4006,0.3184
5111,0.3400000000001455,0.0095000000000027,0.0018000000000029,0.2968,0.5714,0.516
3702,0.5099999999997635,0.0053000000000054,0.0,0.3251,0.5311,0.1137
4599,0.4018648905803275,0.0310759276879082,0.0057590865842058,0.8391,0.6798,0.1618
7126,0.3940482573730151,0.0240305630026682,0.0110890080429015,0.4061,0.4572,0.3433
220,0.2200000000000272,0.0,0.0,0.4706,0.2181,0.5355
7595,0.3299999999999272,0.1052000000000248,0.0213999999999998,0.9911,0.372,0.3326
7912,0.2699999999999818,0.0131000000000085,0.0364000000000004,0.8687,0.0599,0.6128
4374,0.680000000000291,0.1057999999999879,0.0242000000000075,0.8393,0.545,0.211
1139,0.1900000000000545,0.0,0.0,0.8499,0.8459,0.8912
2826,0.459999999999809,0.0799000000000091,0.0448000000000021,0.1417,0.8667,0.4392
4845,0.7100000000000364,0.0024999999999977,0.0,0.9673,0.1303,0.3313
5787,0.2699999999999818,0.0072999999999865,0.0015999999999962,0.3555,0.1306,0.7929
8676,0.7600000000002183,0.0783000000000129,0.0313000000000016,0.4467,0.8449,0.0317
2626,0.3300000000001546,0.056900000000013,0.0091999999999998,0.2466,0.8389,0.4579
8137,0.2299999999995634,0.0,0.0,0.4627,0.662,0.671
1655,0.6000000000001364,0.042900000000003,0.029200000000003,0.1699,0.002,0.3138
5956,0.4400000000000545,0.020700000000005,0.0054999999999978,0.3116,0.8708,0.044
2994,0.3700000000001182,0.1382000000000118,0.000399999999999,0.9567,0.2227,0.6299
6909,0.4299999999998363,0.0109999999999672,0.0061999999999926,0.6774,0.1144,0.3131
8510,0.3000000000001819,0.0009000000000014,0.0101000000000084,0.839,0.3276,0.7848
6359,0.4042156862742558,0.0292117647059058,0.0095274509803857,0.1931,0.3627,0.9904
5047,0.8899999999998727,0.0656999999999925,0.0347000000000008,0.2358,0.8206,0.727
10040,0.5199999999995271,0.1154999999999972,0.0208999999999832,0.1025,0.1431,0.4574
1478,0.1699999999998453,0.0097999999999984,0.0,0.9801,0.9239,0.0581
8351,0.6199999999998909,0.0563999999999964,0.0476000000000027,0.7407,0.3208,0.9369
8855,0.4200000000000727,0.0015000000000213,0.0080000000000097,0.4398,0.7554,0.3828
6964,0.3940482573730151,0.0240305630026682,0.0110890080429015,0.9484,0.8936,0.4344
8642,0.3499999999994543,0.0329999999999586,0.0811999999999955,0.9675,0.5925,0.51
9177,0.3799999999991996,0.1768000000000142,0.0049999999999954,0.864,0.0853,0.339
9291,0.3800000000001091,0.009900000000016,0.0,0.3693,0.6912,0.501
8588,0.7300000000004729,0.0108999999999923,0.002600000000001,0.1701,0.9116,0.2555
2955,0.290000000000191,0.0120999999999753,0.0294999999999987,0.8824,0.4783,0.7858
1281,0.3500000000001364,0.1854000000000013,0.0112999999999985,0.387,0.0785,0.8711
5216,0.7699999999999818,0.1879000000000132,0.018100000000004,0.343,0.8987,0.5513
7315,0.4200000000000727,0.0148000000000365,0.0087999999999937,0.384,0.9584,0.3889
6056,0.6099999999996726,0.1048999999999864,0.0127000000000094,0.2964,0.1029,0.0687
9897,0.4600000000000364,0.1109000000000151,0.0049000000000063,0.0412,0.7621,0.417
7927,0.4600000000000364,0.0213999999999714,0.0627000000000066,0.3513,0.8063,0.1544
4305,0.3899999999998726,0.1281000000000176,0.0090000000000003,0.5641,0.2256,0.2031
5075,0.0,0.0,0.0,0.5269,0.9111,0.5462
9439,0.5299999999997453,0.0341999999999984,0.091399999999993,0.2615,0.045,0.6615
9314,0.4099999999998545,0.0344999999999799,0.0888999999999953,0.0118,0.8844,0.7076
4570,0.5799999999999272,0.1639000000000123,0.0,0.6776,0.6093,0.1775
5492,0.4600000000000364,0.1293000000000006,0.0052999999999912,0.1616,0.523,0.4088
6228,0.3299999999999272,0.0,0.0,0.7403,0.201,0.3575
7058,0.3940482573725603,0.0240305630027251,0.0110890080429015,0.141,0.3208,0.5347
8658,0.7799999999997453,0.0258999999999787,0.0369000000000028,0.0061,0.1063,0.584
8460,0.1400000000003274,0.0007999999999697,0.005200000000002,0.36,0.2661,0.3461
9485,0.4200000000000727,0.0199999999999818,0.0578000000000002,0.921,0.6094,0.7894
5171,0.5899999999996908,0.0300000000000011,0.0,0.0013,0.0952,0.1402
991,0.6200000000001182,0.0212000000000074,0.0478999999999985,0.7144,0.7408,0.4414
6539,0.4900000000002364,0.0206999999999766,0.0576999999999969,0.092,0.3863,0.2836
4264,0.2599999999997635,0.0485999999999933,0.0035000000000025,0.839,0.7031,0.6771
8310,0.3800000000001091,0.0226000000000112,0.0271000000000043,0.6569,0.7487,0.8345
9041,0.2700000000004365,0.1252999999999815,0.00330000000001,0.2619,0.6393,0.1641
71,0.4200000000000727,0.0263000000000062,0.0201999999999991,0.5046,0.9498,0.0874
7457,0.7799999999997453,0.0214000000000282,0.0258000000000038,0.9113,0.8494,0.1884
1015,0.2999999999999545,0.0579999999999927,0.0510999999999981,0.5565,0.6111,0.8588
5583,0.8820000000002437,0.0399000000000171,0.0032000000000067,0.7579,0.6521,0.4593
7672,0.4700000000002546,0.0733000000000174,0.0219000000000022,0.9986,0.5177,0.5972
2653,0.2799999999999727,0.0093999999999994,0.0037999999999982,0.7877,0.629,0.5247
6735,0.419999999999618,0.02800000000002,0.0143999999999948,0.3229,0.3251,0.2629
5494,0.8800000000001091,0.0552999999999883,0.0137,0.4574,0.5337,0.8084
3104,0.4900000000000091,0.1774000000000057,0.0084000000000017,0.7033,0.2741,0.1569
2178,0.4600000000000364,0.1673000000000115,0.0124999999999957,0.4867,0.5628,0.88
392,0.599999999999909,0.1959999999999979,0.0216999999999956,0.6611,0.0571,0.1844
8552,0.9400000000005092,0.0656999999999925,0.0762,0.949,0.4907,0.791
7759,0.3699999999998908,0.0234000000000378,0.0623000000000075,0.5219,0.4246,0.5894
6809,0.4399999999995998,0.044399999999996,0.0511000000000052,0.8445,0.3335,0.266
9964,0.3899999999994179,0.0187999999999988,0.0718999999999994,0.5516,0.8817,0.1807
9353,0.6499999999996362,0.0427999999999997,0.0527000000000015,0.0749,0.0756,0.5605
27,0.3400000000000318,0.0255999999999971,0.0666000000000011,0.8043,0.1289,0.909
9885,0.6300000000001091,0.0447999999999524,0.0287000000000006,0.6415,0.0398,0.1781
9015,0.7599999999993088,0.0194000000000187,0.0264000000000095,0.0047,0.4406,0.5885
7496,0.6599999999998545,0.1522000000000503,0.0211999999999932,0.9571,0.3478,0.7272
5769,0.5600000000004002,0.2147999999999967,0.017799999999994,0.3789,0.8238,0.1941
9870,0.3799999999991996,0.0375999999999976,0.0146999999999906,0.1407,0.7619,0.3551
901,0.2699999999999818,0.0268000000000085,0.0079999999999955,0.1079,0.2641,0.9488
9472,0.4800000000004729,0.1456000000000017,0.0012000000000114,0.8227,0.1236,0.7288
5166,0.9699999999998,0.0230999999999994,0.0065999999999917,0.3254,0.1152,0.8595
431,0.4200000000000727,0.016300000000001,0.0675999999999987,0.8371,0.6474,0.1358
7601,0.6999999999998181,0.1207999999999742,0.0167000000000001,0.5448,0.3021,0.4436
8200,0.2999999999992724,0.0187999999999988,0.0037000000000091,0.4219,0.5848,0.9606
8241,0.6500000000005457,0.0184999999999604,0.0262000000000028,0.4619,0.8995,0.7275
7471,0.5700000000001637,0.0837999999999965,0.0876999999999981,0.1018,0.1901,0.6795
9298,0.3900000000003274,0.1754999999999995,0.0190999999999945,0.3962,0.3629,0.5533
9598,0.7899999999999636,0.0185000000000172,0.0041999999999973,0.5689,0.0276,0.8137
9407,0.4600000000000364,0.0285000000000081,0.0243999999999999,0.3005,0.4315,0.5846
8442,0.7799999999997453,0.0643000000000029,0.0768999999999948,0.4727,0.7003,0.1277
3401,0.2199999999997999,0.0781999999999811,0.0129000000000019,0.5424,0.298,0.635
167,0.8900000000001,0.0331000000000045,0.0152999999999998,0.2678,0.2171,0.6809
5817,0.5299999999997453,0.1339999999999861,0.0011999999999972,0.2163,0.2116,0.8346
331,0.3200000000001637,0.071399999999997,0.1052999999999997,0.1097,0.9597,0.0463
8890,0.569999999999709,0.054300000000012,0.004800000000003,0.7068,0.6232,0.9935
4885,0.8600000000001273,0.0,0.0,0.1342,0.5918,0.8735
8055,0.1499999999996362,0.0541000000000053,0.0158999999999878,0.4251,0.151,0.129
5826,0.6799999999998363,0.0640000000000213,0.0206999999999908,0.4757,0.1378,0.0452
9700,0.4000000000005457,0.0,0.0,0.4133,0.6215,0.0406
4977,0.8400000000001455,0.0842999999999847,0.0028999999999967,0.9831,0.9231,0.3469
4983,0.1599999999998544,0.0,0.0,0.835,0.4862,0.9256
2465,0.3400000000001455,0.0173000000000058,0.0036999999999949,0.5493,0.0874,0.0432
1962,0.5599999999999454,0.1813000000000073,0.0120999999999966,0.1393,0.834,0.5922
6913,0.4499999999998181,0.0473999999999819,0.0737000000000023,0.5548,0.8612,0.3919
5910,0.3299999999999272,0.0115000000000122,0.0002000000000066,0.3711,0.7751,0.371
1290,0.7400000000000091,0.0079000000000064,0.0163999999999973,0.6465,0.1371,0.0963
3606,0.1600000000003092,0.0211999999999932,0.0,0.8243,0.127,0.799
5470,0.75,0.0626000000000033,0.005200000000002,0.8143,0.5898,0.0734
6730,0.5599999999999454,0.0653000000000361,0.0131999999999976,0.1794,0.6883,0.5485
10035,0.3400000000001455,0.0,0.0,0.9325,0.4128,0.9842
5133,0.8200000000001637,0.0225000000000079,0.0,0.1045,0.9939,0.8608
7030,0.3940482573725603,0.0240305630026682,0.0110890080429015,0.9475,0.6807,0.604
7654,0.5799999999999272,0.0146999999999479,0.004800000000003,0.2039,0.8104,0.9315
1710,0.3699999999998908,0.0412999999999925,0.0015999999999962,0.0165,0.155,0.3555
1066,0.5099999999999909,0.2077000000000026,0.0525999999999982,0.4145,0.72,0.9019
5037,0.680000000000291,0.0517000000000109,0.0073999999999898,0.27,0.6492,0.3212
9061,0.2100000000000363,0.0,0.0,0.0857,0.2417,0.3932
8494,0.6500000000005457,0.0030999999999608,0.0,0.2849,0.626,0.6121
1507,0.4400000000000545,0.1567999999999898,0.0137,0.6554,0.4461,0.3846
9428,0.7899999999999636,0.0255999999999971,0.0110000000000098,0.224,0.0536,0.9073
8553,0.9600000000000364,0.0777999999999679,0.0117000000000047,0.2093,0.8118,0.2207
5987,0.6599999999998545,0.0135999999999967,0.0,0.2155,0.0728,0.4377
5385,0.6200000000003456,0.0966999999999984,0.0028999999999967,0.8437,0.1479,0.9389
1449,0.3899999999998726,0.1362000000000023,0.0084000000000017,0.3914,0.4616,0.9736
2490,0.3700000000001182,0.136099999999999,0.0176999999999978,0.5284,0.6467,0.6634
8926,0.5199999999995271,0.0441999999999893,0.0685999999999893,0.5304,0.0237,0.4503
5628,0.1999999999998181,0.0,0.0,0.7288,0.8155,0.987
5791,0.650000000000091,0.073599999999999,0.0050999999999987,0.9204,0.6524,0.4825
8969,0.6499999999996362,0.0019000000000346,0.0019999999999953,0.8018,0.4495,0.0053
2351,0.4200000000000727,0.0187999999999988,0.0,0.6936,0.9095,0.7556
10136,0.6199999999998909,0.0246000000000208,0.0364000000000146,0.5419,0.0156,0.7599
142,0.6099999999999,0.0424999999999897,0.040700000000001,0.9065,0.3156,0.4186
8301,0.6099999999996726,0.0475000000000136,0.0182000000000073,0.9274,0.8697,0.315
5023,0.7600000000002183,0.0604000000000155,0.0481999999999942,0.4451,0.6832,0.7107
5585,0.8599999999996726,0.0901000000000067,0.0030000000000001,0.8788,0.1888,0.1429
2458,0.3700000000001182,0.0389000000000123,0.010399999999997,0.7105,0.9777,0.846
6394,0.4042156862747106,0.0292117647059058,0.0095274509803999,0.3752,0.1784,0.152
9114,0.4980104712039974,0.0333549738219858,0.0141696335078478,0.4628,0.7711,0.1782
8370,0.6300000000001091,0.1383000000000152,0.0141999999999882,0.3818,0.7339,0.9681
7185,0.4600000000000364,0.2154000000000451,0.0009000000000014,0.9166,0.2379,0.003
1808,0.4800000000000182,0.1737999999999999,0.0304000000000002,0.1058,0.957,0.5723
8747,0.269999999999527,0.014500000000055,0.0002000000000066,0.9753,0.2449,0.5793
9962,0.3699999999998908,0.0061000000000035,0.0,0.2709,0.0411,0.9305
5136,0.4499999999998181,0.0336000000000069,0.0014000000000038,0.6759,0.1119,0.5193
5591,0.3099999999999454,0.0037000000000091,0.0024000000000086,0.0655,0.939,0.7999
7803,0.3100000000004002,0.0,0.0,0.5907,0.1343,0.5874
8818,0.5600000000004002,0.116800000000012,0.0245999999999924,0.0009,0.5321,0.8125
4266,0.7699999999999818,0.0768999999999948,0.0062999999999959,0.452,0.813,0.265
8337,0.5900000000001455,0.1363999999999805,0.064799999999991,0.1227,0.3559,0.9223
7149,0.4099999999998545,0.040300000000002,0.0015000000000071,0.572,0.1944,0.7777
5506,0.5700000000001637,0.126199999999983,0.0,0.6169,0.7943,0.1542
9000,0.3500000000003638,0.0083999999999946,0.0037000000000091,0.5572,0.4264,0.1408
9958,0.6899999999995998,0.0151999999999929,0.0126999999999952,0.9504,0.6534,0.2485
9538,0.5399999999999636,0.1576000000000021,0.0058000000000077,0.0056,0.8361,0.2885
9103,0.4980104712039974,0.0333549738219858,0.014169633507862,0.8282,0.8945,0.1988
3711,0.3800000000001091,0.0330000000000154,0.0065999999999917,0.8759,0.7374,0.3333
10242,0.4399999999995998,0.0120000000000004,0.0104000000000041,0.1312,0.8604,0.3629
8890,0.569999999999709,0.054300000000012,0.004800000000003,0.7986,0.6353,0.6663
1939,0.5599999999999454,0.0226000000000112,0.0223000000000013,0.1889,0.9694,0.7522
2402,0.3100000000001728,0.0192999999999869,0.0050000000000025,0.8637,0.7591,0.5508
10298,0.3000000000001819,0.020399999999995,0.0018000000000029,0.729,0.2508,0.0833
1323,0.3299999999999272,0.0157000000000095,0.0592000000000041,0.7973,0.2432,0.3694
10075,0.4700000000002546,0.0097999999999842,0.0012000000000114,0.7495,0.9117,0.913
8345,0.6899999999995998,0.1551000000000044,0.0160999999999944,0.9653,0.3968,0.0547
2949,0.4200000000000727,0.0301999999999793,0.0024000000000015,0.1478,0.4528,0.3622
7764,0.1700000000000727,0.0351999999999748,0.0268999999999977,0.3294,0.7663,0.5925
4998,0.349999999999909,0.0185999999999921,0.0009000000000014,0.0295,0.6201,0.6004
1692,0.1300000000001091,0.0032999999999958,0.0024000000000015,0.0473,0.5142,0.5542
3068,0.2999999999999545,0.0,0.0,0.4741,0.0344,0.1361
845,0.2300000000000182,0.0142999999999915,0.0557000000000016,0.3423,0.7215,0.8176
7793,0.569999999999709,0.0819999999999936,0.0152999999999963,0.8957,0.2883,0.3328
2048,0.4400000000000545,0.1408000000000129,0.0073000000000007,0.1163,0.0585,0.7655
876,0.1299999999998817,0.1315000000000026,0.0,0.5017,0.7996,0.2995
9232,0.2899999999999636,0.0083999999999946,0.0360000000000013,0.0093,0.1592,0.426
2423,0.4399999999998272,0.0,0.0,0.6141,0.8779,0.1056
4733,0.4018648905803275,0.0310759276879082,0.0057590865842058,0.1411,0.2276,0.6551
5262,0.8000000000001819,0.0762,0.0378999999999933,0.8442,0.8221,0.8692
5479,0.7850000000000819,0.0300000000000011,0.0106999999999999,0.1631,0.3062,0.5832
3960,0.3899999999998726,0.010499999999979,0.002600000000001,0.3136,0.6272,0.8231
8109,0.6499999999996362,0.0429000000000314,0.0129000000000019,0.9417,0.2808,0.9425
9734,0.25,0.0086999999999761,0.0050999999999987,0.5198,0.6103,0.1127
3478,0.9800000000000182,0.0374999999999943,0.0014000000000038,0.4687,0.1398,0.3217
9513,0.4899999999997817,0.1173000000000001,0.0113000000000056,0.6688,0.0061,0.9024
5543,0.4600000000000364,0.0340999999999951,0.0,0.1743,0.6549,0.6917
45,0.6000000000000227,0.0169999999999959,0.0045000000000001,0.5707,0.3104,0.1997
5784,0.2599999999997635,0.0116000000000155,0.0010999999999938,0.9049,0.4281,0.838
894,0.1900000000000545,0.0,0.0,0.0955,0.2829,0.9243
4065,0.1999999999998181,0.1531999999999982,0.0,0.7795,0.9374,0.0867
8678,0.3500000000003638,0.0097999999999842,0.0,0.8882,0.5277,0.1998
6931,0.5100000000002183,0.0585999999999558,0.0339000000000027,0.1935,0.6863,0.3825
4582,0.4018648905803275,0.0310759276879082,0.0057590865842058,0.1339,0.5774,0.7815
7770,0.6000000000003638,0.1383000000000152,0.0304000000000002,0.1372,0.6736,0.8362
856,0.2100000000000363,0.0086000000000012,0.0002999999999957,0.476,0.1295,0.1098
5468,0.9800000000000182,0.0401999999999986,0.0,0.8036,0.5447,0.692
16,0.1000000000000227,0.0,0.0,0.643,0.6757,0.5669
4158,0.4100000000003092,0.045500000000004,0.0253000000000014,0.5291,0.5145,0.8612
2119,0.4000000000000909,0.0745000000000004,0.0555999999999983,0.8551,0.5643,0.7247
2732,0.2899999999999636,0.0178999999999973,0.0018000000000029,0.3227,0.6579,0.9031
2605,0.1899999999998272,0.0100999999999942,0.0022999999999981,0.921,0.311,0.8228
7848,0.3800000000001091,0.0301999999999793,0.0213999999999998,0.1004,0.7614,0.9929
2519,0.3600000000001273,0.0,0.0,0.0009,0.9844,0.5059
3185,0.2899999999999636,0.035899999999998,0.0135999999999967,0.1599,0.5652,0.2003
5525,0.8400000000001455,0.0078000000000031,0.0031000000000034,0.6436,0.4994,0.3539
4990,0.5299999999997453,0.0354000000000098,0.0131999999999976,0.2234,0.6093,0.4457
2982,0.209999999999809,0.0,0.0,0.1034,0.5358,0.8809
4306,0.3400000000001455,0.1016999999999939,0.0002999999999957,0.8656,0.7771,0.2333
4329,0.330000000000382,0.0869000000000141,0.0297000000000053,0.1076,0.8031,0.6315
5737,0.3100000000004002,0.0103000000000008,0.0025000000000119,0.3218,0.105,0.6306
1203,0.3199999999999363,0.0152000000000072,0.0437000000000011,0.4172,0.6188,0.6446
9068,0.3199999999997089,0.008700000000033,0.0017999999999886,0.5935,0.2125,0.6953
3773,0.1600000000003092,0.0,0.0,0.0349,0.0614,0.4416
7998,0.3899999999998726,0.0,0.0,0.1777,0.6974,0.2406
3807,0.4600000000000364,0.0409999999999968,0.006699999999995,0.0258,0.645,0.1247
5586,0.7699999999999818,0.0537999999999954,0.0057999999999935,0.0321,0.3225,0.0552
6441,0.3099999999999454,0.0507000000000061,0.0337999999999993,0.9279,0.4446,0.1544
1461,0.650000000000091,0.0,0.0,0.138,0.7994,0.8993
9471,0.3199999999997089,0.0850000000000363,0.0420999999999907,0.3388,0.526,0.4015
5409,0.8099999999999454,0.0303999999999859,0.0050999999999987,0.3766,0.371,0.7083
1075,0.6599999999998545,0.0216999999999956,0.0060000000000002,0.6114,0.3956,0.557
6858,0.5,0.0412999999999783,0.0155000000000029,0.933,0.6423,0.9561
1587,0.3999999999998636,0.0105999999999966,0.0469000000000008,0.9793,0.8216,0.6524
6632,0.7199999999997999,0.0416999999999916,0.0147000000000048,0.2937,0.2544,0.3375
2391,0.7899999999999636,0.1214999999999975,0.0300000000000011,0.7341,0.8394,0.5012
6761,0.7300000000000182,0.0602000000000089,0.0585999999999984,0.023,0.1765,0.9174
3411,0.3299999999999272,0.0370000000000061,0.0434000000000054,0.2856,0.695,0.1908
1033,0.2899999999999636,0.0146000000000015,0.0426000000000001,0.5143,0.2142,0.2087
1619,0.5199999999999818,0.0473999999999961,0.0483000000000046,0.6673,0.1099,0.895
7493,0.680000000000291,0.0065999999999917,0.0037999999999982,0.993,0.3133,0.395
2322,0.3600000000001273,0.0023999999999944,0.0007000000000019,0.8907,0.1591,0.6993
10058,0.2900000000008731,0.0,0.0,0.499,0.8706,0.7583
623,0.4300000000000636,0.0083000000000055,0.0105999999999966,0.5654,0.9337,0.3985
40,0.3500000000000227,0.0097000000000093,0.0,0.9144,0.4819,0.183
1340,0.5900000000001455,0.0114000000000089,0.0086999999999974,0.3708,0.149,0.3222
4571,0.5099999999997635,0.0487999999999999,0.0,0.1531,0.4755,0.562
9512,0.5300000000006548,0.1632999999999924,0.024799999999999,0.4733,0.8488,0.6957
3698,0.330000000000382,0.0360000000000013,0.0277999999999991,0.8922,0.3563,0.5345
9543,0.3999999999996362,0.0099999999999909,0.0003000000000099,0.211,0.0347,0.1076
7602,0.5199999999999818,0.1132000000000061,0.0089000000000112,0.5194,0.4688,0.4182
8371,0.4800000000004729,0.0088999999999828,0.0043000000000006,0.6678,0.2445,0.8032
218,0.3000000000001819,0.0095999999999918,0.0025000000000012,0.6721,0.446,0.0416
5526,0.8699999999998909,0.0103000000000008,0.0,0.1575,0.8737,0.1103
8,0.4400000000000545,0.0544000000000011,0.0581999999999993,0.6298,0.4779,0.6576
6709,0.3000000000001819,0.0153999999999996,0.0007999999999981,0.3636,0.5593,0.8921
5984,0.5299999999997453,0.1687000000000011,0.0057000000000044,0.2419,0.6986,0.754
1876,0.3199999999999363,0.0186999999999954,0.0133999999999971,0.5029,0.4865,0.7063
5241,0.3599999999996726,0.0,0.0,0.8319,0.0138,0.7811
2074,0.2400000000000091,0.0252000000000123,0.0106999999999999,0.7981,0.8292,0.0289
4753,0.4018648905803275,0.0310759276879366,0.0057590865842058,0.8045,0.7469,0.6567
9295,0.3999999999996362,0.0,0.0,0.5533,0.3533,0.4138
9413,0.4199999999991632,0.0285000000000081,0.0779999999999887,0.8311,0.4168,0.7698
7363,0.6100000000001273,0.0574999999999477,0.000399999999999,0.8768,0.531,0.0007
4384,0.4099999999998545,0.0001000000000033,0.002600000000001,0.7743,0.0682,0.4758
6378,0.4042156862747106,0.0292117647058489,0.0095274509803999,0.3131,0.7768,0.7623
5609,0.8099999999999454,0.0424000000000148,0.0125000000000028,0.8863,0.469,0.3065
5811,0.3500000000003638,0.038499999999999,0.0443000000000068,0.4057,0.8653,0.0016
10240,0.2300000000004729,0.0218999999999596,0.0461999999999989,0.9586,0.5216,0.7792
2629,0.5,0.1658000000000186,0.0198999999999998,0.5869,0.157,0.5109
5552,0.9299999999998364,0.1814999999999997,0.0,0.8074,0.6005,0.0227
7373,0.4200000000000727,0.0124999999999886,0.006699999999995,0.021,0.4488,0.51
2591,0.4500000000000455,0.0519999999999925,0.0296999999999982,0.8859,0.7141,0.2364
6114,0.6999999999998181,0.2326999999999941,0.0230999999999994,0.69,0.6081,0.0191
6513,0.3999999999996362,0.0548000000000001,0.0288000000000039,0.6584,0.4302,0.7042
6227,0.3500000000003638,0.0087000000000045,0.0103000000000008,0.3283,0.7547,0.2941
8443,0.7899999999999636,0.1084000000000173,0.0145000000000123,0.3501,0.829,0.1214
2869,0.2799999999999727,0.0,0.0,0.031,0.1475,0.4823
7391,0.569999999999709,0.054899999999975,0.0169999999999959,0.0578,0.7429,0.8161
6908,0.4600000000000364,0.0113000000000056,0.0073000000000007,0.7125,0.2954,0.5964
8578,0.5200000000004366,0.007000000000005,0.004499999999993,0.5246,0.5696,0.0034
807,0.3199999999999363,0.002600000000001,0.0065999999999988,0.4104,0.6453,0.0656
230,0.099999999999909,0.0,0.0,0.9756,0.9898,0.4322
2609,0.1800000000000636,0.0005000000000165,0.0,0.5201,0.6761,0.5686
2796,0.3299999999999272,0.0028000000000076,0.0043999999999968,0.1783,0.2789,0.9072
8323,0.3900000000003274,0.0086999999999761,0.0,0.3343,0.6194,0.6868
2978,0.2699999999999818,0.0062000000000068,0.0183000000000035,0.1551,0.2427,0.0367
1138,0.6599999999998545,0.0305000000000035,0.0151000000000038,0.3239,0.5296,0.4182
9746,0.3900000000003274,0.0084999999999695,0.0019000000000062,0.9443,0.8552,0.5469
8851,0.6399999999994179,0.0025999999999726,0.0021999999999877,0.2252,0.7354,0.2685
7183,0.5199999999999818,0.0219999999999913,0.0603999999999871,0.1348,0.8845,0.7706
9983,0.6100000000005821,0.0455999999999789,0.0285000000000081,0.4124,0.6283,0.8792
9326,0.2800000000006548,0.0129000000000019,0.0151000000000038,0.7202,0.9078,0.763
7565,0.4800000000000182,0.0120999999999753,0.0075999999999964,0.6206,0.9744,0.8601
9693,0.9699999999993452,0.0316000000000258,0.0108999999999923,0.9296,0.9718,0.561
8925,0.8000000000001819,0.0287999999999897,0.0168000000000034,0.524,0.5717,0.6794
5001,0.8533333333333152,0.0783000000000129,0.0337999999999993,0.8292,0.5041,0.1873
5210,0.349999999999909,0.0,0.0,0.6783,0.6393,0.5481
5158,0.6400000000003274,0.0557000000000016,0.0104000000000041,0.952,0.5342,0.4907
10193,0.3800000000001091,0.0308999999999741,0.0152999999999963,0.8411,0.1407,0.3006
6016,0.4699999999997999,0.0280999999999949,0.0032000000000067,0.8183,0.8446,0.2969
810,0.5699999999999363,0.1030999999999977,0.0271000000000043,0.8291,0.8243,0.626
8697,0.7100000000000364,0.0860000000000127,0.0549999999999926,0.9138,0.7659,0.4385
5096,0.7699999999999818,0.0394000000000005,0.0050999999999987,0.4933,0.3266,0.3963
7677,0.5799999999999272,0.0618000000000051,0.042900000000003,0.9938,0.6226,0.3893
9642,0.5299999999997453,0.0165999999999826,0.0289000000000072,0.2666,0.3876,0.6068
4033,0.3399999999996907,0.0101999999999975,0.0039000000000015,0.0913,0.1577,0.9805
8802,0.930000000000291,0.180499999999995,0.0191999999999978,0.5804,0.5334,0.5497
1651,0.4300000000000636,0.1203999999999894,0.0394000000000005,0.3681,0.9013,0.6061
3330,0.5399999999999636,0.1779999999999972,0.0170999999999992,0.9047,0.3569,0.1919
7714,0.3700000000003456,0.1228999999999587,0.0065999999999917,0.6805,0.4725,0.1475
3369,0.3199999999997089,0.1540000000000247,0.0204000000000021,0.5323,0.4161,0.9743
5739,0.3899999999998726,0.0106000000000108,0.0045999999999963,0.406,0.2845,0.7333
8758,0.7200000000002547,0.0,0.0,0.4077,0.5349,0.3698
4442,0.2799999999997453,0.0,0.0,0.4383,0.5211,0.9201
8383,0.6400000000003274,0.033299999999997,0.071799999999996,0.7652,0.8506,0.8224
2225,0.3399999999999181,0.0481000000000051,0.0211000000000041,0.5255,0.8623,0.9888
8273,0.5799999999999272,0.0178000000000224,0.0183000000000106,0.6806,0.1311,0.2077
2440,0.3099999999999454,0.0,0.0,0.6087,0.1001,0.6582
7254,0.4800000000000182,0.0052999999999769,0.0431999999999987,0.41,0.9982,0.2156
10050,0.3599999999996726,0.012200000000007,0.0155000000000029,0.4794,0.4086,0.2748
4448,0.4500000000002728,0.1740000000000066,0.0015999999999962,0.3365,0.2568,0.9978
6850,0.6700000000000728,0.1437999999999988,0.0234999999999985,0.2875,0.5138,0.0239
8967,0.3000000000001819,0.0,0.0,0.6278,0.2566,0.7794
1617,0.5199999999999818,0.2535000000000025,0.0140999999999991,0.9658,0.4963,0.6882
4484,0.4100000000003092,0.0216000000000065,0.0,0.4883,0.5819,0.7019
8209,0.3299999999999272,0.0089999999999577,0.004499999999993,0.2589,0.6444,0.1054
8077,0.5399999999999636,0.018100000000004,0.0,0.7741,0.8684,0.2759
1437,0.2599999999999909,0.0090000000000003,0.0018999999999991,0.5615,0.1232,0.3814
3194,0.2899999999999636,0.037099999999981,0.0496999999999943,0.7491,0.4764,0.987
5977,0.3299999999999272,0.0031000000000176,0.0,0.7349,0.4911,0.8748
3650,0.3299999999999272,0.0541000000000053,0.0430999999999954,0.3509,0.0531,0.2418
9576,0.3600000000005821,0.0086999999999761,0.0,0.6715,0.7828,0.9468
3321,0.2399999999997817,0.1034000000000219,0.0,0.4847,0.8673,0.5676
2887,0.4300000000000636,0.0350999999999999,0.0212000000000003,0.5223,0.4261,0.7035
9571,0.4400000000005093,0.0138999999999782,0.1573000000000064,0.9034,0.9952,0.4034
398,0.3199999999999363,0.0191000000000087,0.0015,0.8373,0.0358,0.9451
140,0.6700000000000728,0.0262999999999919,0.0015,0.3176,0.4047,0.5283
9510,0.7200000000002547,0.0398999999999887,0.0639000000000038,0.8991,0.7216,0.0465
8954,0.4200000000000727,0.0,0.0,0.955,0.5602,0.0516
556,0.2999999999999545,0.0148999999999972,0.0495000000000018,0.721,0.4606,0.0474
6713,0.5099999999997635,0.0090000000000145,0.0002999999999957,0.3142,0.8246,0.0658
9689,0.75,0.0142999999999915,0.0258000000000038,0.7497,0.5712,0.6069
4328,0.5,0.1056000000000096,0.0030999999999892,0.27,0.9655,0.0427
3210,0.3799999999996544,0.120599999999996,0.0022000000000019,0.1188,0.1179,0.2162
7615,0.2999999999997271,0.0156000000000062,0.0142000000000024,0.2917,0.1945,0.7679
6747,0.3299999999999272,0.0194999999999936,0.0746000000000037,0.1375,0.1293,0.2889
526,0.4900000000000091,0.0103000000000008,0.0105000000000003,0.8119,0.771,0.6214
6955,0.6900000000000546,0.166499999999985,0.0071000000000083,0.6208,0.4517,0.3615
9012,0.2899999999999636,0.0575999999999794,0.0548000000000001,0.113,0.265,0.6443
7766,0.430000000000291,0.166499999999985,0.0170999999999992,0.8932,0.2286,0.2895
2828,0.4400000000000545,0.172300000000007,0.0161000000000015,0.1636,0.4884,0.6434
8143,0.6700000000000728,0.0235000000000127,0.0328999999999979,0.1868,0.0802,0.6301
8677,0.4899999999997817,0.106299999999976,0.0106999999999999,0.7655,0.3204,0.8826
8469,0.5199999999995271,0.0142999999999915,0.0,0.6427,0.5672,0.8175
4138,0.3299999999999272,0.2416999999999802,0.0,0.6273,0.1496,0.6469
7353,0.5100000000002183,0.195699999999988,0.046999999999997,0.787,0.4901,0.3949
6699,0.3800000000001091,0.0,0.0,0.4007,0.7276,0.7656
8577,0.6400000000003274,0.0672999999999888,0.0387000000000057,0.9448,0.6803,0.1404
8283,0.3499999999994543,0.0088000000000079,0.0023000000000052,0.7118,0.0884,0.2531
1618,0.4400000000000545,0.1123999999999938,0.0058000000000006,0.1216,0.0919,0.2912
1325,0.0,0.0,0.0,0.3678,0.1986,0.3113
7988,0.5899999999996908,0.0330999999999903,0.0198000000000035,0.6686,0.1225,0.4906
2282,0.3700000000001182,0.0,0.0,0.5886,0.1415,0.119
6041,0.5099999999997635,0.1057999999999879,0.0133000000000009,0.7545,0.1738,0.4414
6782,0.4899999999997817,0.0283999999999764,0.0128000000000128,0.424,0.148,0.4986
9365,0.5100000000002183,0.0199000000000069,0.0616000000000127,0.8745,0.7773,0.9095
8698,0.7100000000000364,0.196899999999971,0.007000000000005,0.1079,0.9386,0.048
3770,0.3299999999999272,0.0286999999999864,0.0378000000000042,0.511,0.7291,0.4279
8144,0.6300000000001091,0.0394999999999754,0.0251999999999981,0.1598,0.9613,0.2912
4878,0.2800000000002001,0.0095999999999776,0.0014000000000038,0.8282,0.0718,0.9403
289,0.3200000000001637,0.0140999999999991,0.0596999999999994,0.9061,0.4705,0.9866
6831,0.4900000000002364,0.051900000000046,0.0443000000000068,0.2464,0.1878,0.6253
3997,0.419999999999618,0.0430999999999812,0.0099000000000017,0.9599,0.7493,0.3538
8899,0.2899999999999636,0.0014999999999645,0.0010000000000047,0.75,0.7905,0.2448
759,0.1900000000000545,0.0084999999999979,0.0,0.2064,0.9617,0.9036
2430,0.1700000000000727,0.0,0.0,0.1525,0.3915,0.2421
9734,0.25,0.0086999999999761,0.0050999999999987,0.928,0.9209,0.0569
1948,0.3200000000001637,0.0238999999999975,0.0555000000000021,0.074,0.1626,0.6399
9458,0.3500000000003638,9.999999997489796e-05,0.0015999999999962,0.4139,0.7971,0.1731
6330,0.4042156862742558,0.0292117647059058,0.0095274509803857,0.7554,0.3527,0.2717
5360,0.9299999999998364,0.0911000000000115,0.016300000000001,0.5341,0.6409,0.5067
1080,0.2899999999999636,0.0,0.0,0.3544,0.0604,0.2123
4905,0.6799999999998363,0.0405000000000086,0.0061999999999926,0.5647,0.1282,0.6226
1435,0.1800000000000636,0.0117999999999938,0.0234999999999985,0.6652,0.8777,0.3342
125,0.1800000000000636,0.0,0.0,0.861,0.6411,0.2767
5531,0.6700000000000728,0.0182999999999822,0.0,0.3006,0.2884,0.8532
4132,0.2899999999999636,0.0,0.0,0.4055,0.5637,0.0627
10328,0.5799999999999272,0.0588000000000192,0.0437000000000011,0.5927,0.3008,0.9473
4444,0.2899999999999636,0.0183999999999855,0.0019000000000062,0.7751,0.6495,0.1287
5095,0.6900000000000546,0.0701999999999998,0.0413000000000067,0.5292,0.9591,0.2116
1505,0.1400000000001,0.0803000000000082,0.0067999999999983,0.9306,0.6011,0.2761
2995,0.4800000000000182,0.0550999999999817,0.0033999999999991,0.6826,0.0864,0.8943
8470,0.6400000000003274,0.0190000000000054,0.0862000000000051,0.48,0.6827,0.3677
2777,0.1300000000001091,0.0127999999999985,0.0030000000000001,0.7586,0.5672,0.8588
9055,0.6700000000000728,0.0306000000000494,0.0930000000000035,0.9078,0.4879,0.7819
4272,0.0,0.0,0.0,0.1041,0.3945,0.0583
6600,0.4500000000002728,0.064799999999991,0.064399999999992,0.436,0.9805,0.5393
3260,0.3800000000001091,0.0173000000000058,0.0028999999999967,0.8231,0.5891,0.8442
200,0.5800000000001546,0.0884999999999962,0.0429999999999992,0.3479,0.637,0.6365
4170,0.4899999999997817,0.1484000000000094,0.0121000000000037,0.9136,0.7435,0.036
9702,0.4799999999995634,0.0254999999999654,0.0613000000000028,0.0613,0.7711,0.8893
8959,0.269999999999527,0.0221000000000231,0.0,0.061,0.0471,0.8587
8338,0.5399999999999636,0.1476000000000112,0.0257000000000005,0.3811,0.7598,0.7835
9919,0.6599999999998545,0.0509999999999877,0.0691000000000059,0.6662,0.6842,0.8917
7239,0.2100000000000363,0.0,0.0,0.9493,0.5023,0.8058
5893,0.2699999999999818,0.0016999999999995,0.0018000000000029,0.9887,0.7264,0.9136
4635,0.4018648905803275,0.0310759276879082,0.0057590865842058,0.7237,0.1328,0.1903
6784,0.650000000000091,0.1071999999999775,0.0446000000000026,0.9847,0.1234,0.9045
5532,0.2699999999999818,0.0,0.0,0.545,0.1045,0.9049
1104,0.4800000000000182,0.0383999999999957,0.0737999999999985,0.066,0.3973,0.5973
5508,0.4000000000000909,0.029200000000003,0.0001000000000033,0.8353,0.031,0.5341
8204,0.430000000000291,0.0084999999999695,0.0027999999999934,0.1623,0.6086,0.1012
2787,0.2599999999999909,0.0270000000000152,0.0505000000000066,0.0233,0.0814,0.3238
10115,0.2700000000004365,0.0462999999999738,0.0380000000000109,0.2316,0.4381,0.145
4244,0.4799999999995634,0.1303999999999803,0.0,0.8893,0.1657,0.1092
4461,0.4200000000000727,0.095199999999977,0.0234999999999985,0.8739,0.267,0.6942
1163,0.2799999999999727,0.0103000000000008,0.0034999999999953,0.2723,0.1606,0.4988
9180,0.5399999999999636,0.1063000000000329,0.0700999999999965,0.1226,0.3963,0.3754
9368,0.7200000000002547,0.1204999999999927,0.0230999999999994,0.3324,0.6593,0.5473
406,0.5799999999999272,0.0597999999999956,0.0335000000000036,0.8156,0.3086,0.4715
7665,0.5199999999999818,0.1979000000000041,0.007000000000005,0.8062,0.1824,0.4123
